[
  {
    "line": 1,
    "elements": [
      {
        "before": [
          {
            "result": {
              "duration": 331100,
              "status": "passed"
            },
            "match": {
              "location": "TaggedHooksStepDefinition.setUP()"
            }
          },
          {
            "result": {
              "duration": 180000,
              "status": "passed"
            },
            "match": {
              "location": "TaggedHooksStepDefinition.setUP1()"
            }
          },
          {
            "result": {
              "duration": 106500,
              "status": "passed"
            },
            "match": {
              "location": "TaggedHooksStepDefinition.beforeFirst()"
            }
          }
        ],
        "line": 4,
        "name": "This is First test",
        "description": "",
        "id": "test-tagged-hooks;this-is-first-test",
        "after": [
          {
            "result": {
              "duration": 170700,
              "status": "passed"
            },
            "match": {
              "location": "TaggedHooksStepDefinition.afterFirst()"
            }
          },
          {
            "result": {
              "duration": 146400,
              "status": "passed"
            },
            "match": {
              "location": "TaggedHooksStepDefinition.tearDown1()"
            }
          },
          {
            "result": {
              "duration": 199800,
              "status": "passed"
            },
            "match": {
              "location": "TaggedHooksStepDefinition.tearDown()"
            }
          }
        ],
        "type": "scenario",
        "keyword": "Scenario",
        "steps": [
          {
            "result": {
              "duration": 323667000,
              "status": "passed"
            },
            "line": 5,
            "name": "this is the first step",
            "match": {
              "location": "TaggedHooksStepDefinition.this_is_the_first_step()"
            },
            "keyword": "Given "
          },
          {
            "result": {
              "duration": 133800,
              "status": "passed"
            },
            "line": 6,
            "name": "this is the second step",
            "match": {
              "location": "TaggedHooksStepDefinition.this_is_the_second_step()"
            },
            "keyword": "When "
          },
          {
            "result": {
              "duration": 313800,
              "status": "passed"
            },
            "line": 7,
            "name": "this is the third step",
            "match": {
              "location": "TaggedHooksStepDefinition.this_is_the_third_step()"
            },
            "keyword": "Then "
          }
        ],
        "tags": [
          {
            "line": 3,
            "name": "@First"
          }
        ]
      },
      {
        "before": [
          {
            "result": {
              "duration": 295100,
              "status": "passed"
            },
            "match": {
              "location": "TaggedHooksStepDefinition.setUP()"
            }
          },
          {
            "result": {
              "duration": 928400,
              "status": "passed"
            },
            "match": {
              "location": "TaggedHooksStepDefinition.setUP1()"
            }
          },
          {
            "result": {
              "duration": 224200,
              "status": "passed"
            },
            "match": {
              "location": "TaggedHooksStepDefinition.beforeSecond()"
            }
          }
        ],
        "line": 10,
        "name": "This is Second test",
        "description": "",
        "id": "test-tagged-hooks;this-is-second-test",
        "after": [
          {
            "result": {
              "duration": 182600,
              "status": "passed"
            },
            "match": {
              "location": "TaggedHooksStepDefinition.afterSecond()"
            }
          },
          {
            "result": {
              "duration": 134900,
              "status": "passed"
            },
            "match": {
              "location": "TaggedHooksStepDefinition.tearDown1()"
            }
          },
          {
            "result": {
              "duration": 103900,
              "status": "passed"
            },
            "match": {
              "location": "TaggedHooksStepDefinition.tearDown()"
            }
          }
        ],
        "type": "scenario",
        "keyword": "Scenario",
        "steps": [
          {
            "result": {
              "duration": 120700,
              "status": "passed"
            },
            "line": 11,
            "name": "this is the first step",
            "match": {
              "location": "TaggedHooksStepDefinition.this_is_the_first_step()"
            },
            "keyword": "Given "
          },
          {
            "result": {
              "duration": 257800,
              "status": "passed"
            },
            "line": 12,
            "name": "this is the second step",
            "match": {
              "location": "TaggedHooksStepDefinition.this_is_the_second_step()"
            },
            "keyword": "When "
          },
          {
            "result": {
              "duration": 152600,
              "status": "passed"
            },
            "line": 13,
            "name": "this is the third step",
            "match": {
              "location": "TaggedHooksStepDefinition.this_is_the_third_step()"
            },
            "keyword": "Then "
          }
        ],
        "tags": [
          {
            "line": 9,
            "name": "@Second"
          }
        ]
      },
      {
        "before": [
          {
            "result": {
              "duration": 316000,
              "status": "passed"
            },
            "match": {
              "location": "TaggedHooksStepDefinition.setUP()"
            }
          },
          {
            "result": {
              "duration": 303000,
              "status": "passed"
            },
            "match": {
              "location": "TaggedHooksStepDefinition.setUP1()"
            }
          },
          {
            "result": {
              "duration": 150600,
              "status": "passed"
            },
            "match": {
              "location": "TaggedHooksStepDefinition.beforeThird()"
            }
          }
        ],
        "line": 16,
        "name": "This is Third test",
        "description": "",
        "id": "test-tagged-hooks;this-is-third-test",
        "after": [
          {
            "result": {
              "duration": 138200,
              "status": "passed"
            },
            "match": {
              "location": "TaggedHooksStepDefinition.afterThird()"
            }
          },
          {
            "result": {
              "duration": 95600,
              "status": "passed"
            },
            "match": {
              "location": "TaggedHooksStepDefinition.tearDown1()"
            }
          },
          {
            "result": {
              "duration": 98500,
              "status": "passed"
            },
            "match": {
              "location": "TaggedHooksStepDefinition.tearDown()"
            }
          }
        ],
        "type": "scenario",
        "keyword": "Scenario",
        "steps": [
          {
            "result": {
              "duration": 117800,
              "status": "passed"
            },
            "line": 17,
            "name": "this is the first step",
            "match": {
              "location": "TaggedHooksStepDefinition.this_is_the_first_step()"
            },
            "keyword": "Given "
          },
          {
            "result": {
              "duration": 134100,
              "status": "passed"
            },
            "line": 18,
            "name": "this is the second step",
            "match": {
              "location": "TaggedHooksStepDefinition.this_is_the_second_step()"
            },
            "keyword": "When "
          },
          {
            "result": {
              "duration": 220700,
              "status": "passed"
            },
            "line": 19,
            "name": "this is the third step",
            "match": {
              "location": "TaggedHooksStepDefinition.this_is_the_third_step()"
            },
            "keyword": "Then "
          }
        ],
        "tags": [
          {
            "line": 15,
            "name": "@Third"
          }
        ]
      }
    ],
    "name": "Test Tagged Hooks",
    "description": "",
    "id": "test-tagged-hooks",
    "keyword": "Feature",
    "uri": "C:/Users/ndh70903/eclipse-workspace/CucumberSeleniumFramework-master/src/main/java/Features/taggedhooks.feature"
  }
]